Modelo,MAE,RMSE
LSTM,0.8609748561028572,1.1660093488416372
Prophet,7.073986149519368,7.959286645354793
XGBoost,2.749599436381144,4.4265465001941
