Modelo,MAE,RMSE
LSTM,1.0131644539084017,1.3470080241610278
Prophet,6.8465438935198355,7.71211168635647
XGBoost,3.1250081355988035,4.896079603756492
